<?xml version="1.0" encoding="UTF-8"?>
<project-private xmlns="http://www.netbeans.org/ns/project-private/1">
    <editor-bookmarks xmlns="http://www.netbeans.org/ns/editor-bookmarks/2" lastBookmarkId="0"/>
    <open-files xmlns="http://www.netbeans.org/ns/projectui-open-files/2">
        <group>
            <file>file:/C:/xampp/htdocs/vizsga/style/vizsga.css</file>
            <file>file:/C:/xampp/htdocs/vizsga/php/login.php</file>
            <file>file:/C:/xampp/htdocs/vizsga/html/uj_munkaado_urlap.html</file>
            <file>file:/C:/xampp/htdocs/vizsga/php/uj_munkaado.php</file>
            <file>file:/C:/xampp/htdocs/vizsga/index.php</file>
            <file>file:/C:/xampp/htdocs/vizsga/html/menu_diak.html</file>
            <file>file:/C:/xampp/htdocs/vizsga/js/vizsga.js</file>
            <file>file:/C:/xampp/htdocs/vizsga/php/jog.php</file>
            <file>file:/C:/xampp/htdocs/vizsga/html/menu_admin.html</file>
            <file>file:/C:/xampp/htdocs/vizsga/html/menu.html</file>
        </group>
    </open-files>
</project-private>
