<?xml version="1.0" encoding="UTF-8"?>
<lom xmlns="http://ltsc.ieee.org/xsd/LOM" xmlns:xsi="http://www.w3.org/2001/XMLSchema-instance" xsi:schemaLocation="http://ltsc.ieee.org/xsd/LOM lomCustom.xsd"><general uniqueElementName="general"><identifier><catalog uniqueElementName="catalog">My Catalog</catalog><entry uniqueElementName="entry">b60441cc-2174-4344-9dfc-441362b762e2</entry></identifier><title><string language="hu">Tananyag_webfejlesztes_digitalizalt_v5</string></title><language>hu</language><aggregationLevel uniqueElementName="aggregationLevel"><source uniqueElementName="source">LOM-ESv1.0</source><value uniqueElementName="value">2</value></aggregationLevel></general><metaMetadata uniqueElementName="metaMetadata"><metadataSchema>LOM-ESv1.0</metadataSchema><language>hu</language></metaMetadata><educational><language>hu</language></educational><rights uniqueElementName="rights"><access uniqueElementName="access"><accessType uniqueElementName="accessType"><source uniqueElementName="source">LOM-ESv1.0</source><value uniqueElementName="value">universal</value></accessType><description><string language="hu">Default</string></description></access></rights></lom>