<?xml version="1.0" encoding="UTF-8"?>
<!-- Generated by eXe - http://exelearning.net -->
<manifest identifier="eXealizalt_v5555f23162319cac3131" xmlns="http://www.imsproject.org/xsd/imscp_rootv1p1p2" xmlns:adlcp="http://www.adlnet.org/xsd/adlcp_rootv1p2" xmlns:imsmd="http://www.imsglobal.org/xsd/imsmd_v1p2" xmlns:xsi="http://www.w3.org/2001/XMLSchema-instance" xsi:schemaLocation="http://www.imsproject.org/xsd/imscp_rootv1p1p2 imscp_rootv1p1p2.xsd http://www.imsglobal.org/xsd/imsmd_rootv1p2p1 imsmd_rootv1p2p1.xsd http://www.adlnet.org/xsd/adlcp_rootv1p2 adlcp_rootv1p2.xsd" > 
<metadata> 
 <schema>ADL SCORM</schema> 
 <schemaversion>1.2</schemaversion> 
 <adlcp:location>imslrm.xml</adlcp:location> 
</metadata> 
<organizations default="eXealizalt_v5555f23162319cac3132">  
    <organization identifier="eXealizalt_v5555f23162319cac3132" structure="hierarchical">
        <title>Webes fejlesztés</title>
<item identifier="ITEM-eXealizalt_v5555f23162319cac3133" isvisible="true" identifierref="RES-eXealizalt_v5555f23162319cac3134">
    <title>Webes fejlesztés</title>
<item identifier="ITEM-eXealizalt_v5555f23162319cac3135" isvisible="true" identifierref="RES-eXealizalt_v5555f23162319cac3136">
    <title>Bevezetés</title>
</item>
<item identifier="ITEM-eXealizalt_v5555f23162319cac3137" isvisible="true" identifierref="RES-eXealizalt_v5555f23162319cac3138">
    <title>1. Lecke: A web működésének és használatának alapjai</title>
</item>
<item identifier="ITEM-eXealizalt_v5555f23162319cac3149" isvisible="true" identifierref="RES-eXealizalt_v5555f23162319cac314a">
    <title>2.  Lecke: A weblapkészítés módszertana</title>
</item>
<item identifier="ITEM-eXealizalt_v5555f23162319cac315b" isvisible="true" identifierref="RES-eXealizalt_v5555f23162319cac315c">
    <title>3. Lecke: A HTML nyelv</title>
</item>
<item identifier="ITEM-eXealizalt_v5555f23162319cac316d" isvisible="true" identifierref="RES-eXealizalt_v5555f23162319cac316e">
    <title>4. Lecke: A Stílusok használata</title>
</item>
<item identifier="ITEM-eXealizalt_v5555f23162319cac317f" isvisible="true" identifierref="RES-eXealizalt_v5555f23162319cac31710">
    <title>5. Lecke: Szövegelemek, linkek, képek, listák</title>
</item>
<item identifier="ITEM-eXealizalt_v5555f23162319cac31811" isvisible="true" identifierref="RES-eXealizalt_v5555f23162319cac31812">
    <title>6. Lecke: Oldalfelosztások, tárolók</title>
</item>
<item identifier="ITEM-eXealizalt_v5555f23162319cac31913" isvisible="true" identifierref="RES-eXealizalt_v5555f23162319cac31914">
    <title>7. Lecke: Táblázatok</title>
</item>
<item identifier="ITEM-eXealizalt_v5555f23162319cac31a15" isvisible="true" identifierref="RES-eXealizalt_v5555f23162319cac31a16">
    <title>8. Lecke: Űrlapok</title>
</item>
<item identifier="ITEM-eXealizalt_v5555f23162319cac31b17" isvisible="true" identifierref="RES-eXealizalt_v5555f23162319cac31b18">
    <title>9. Lecke: Elhelyezés a weboldalon, láthatóság</title>
</item>
<item identifier="ITEM-eXealizalt_v5555f23162319cac31c19" isvisible="true" identifierref="RES-eXealizalt_v5555f23162319cac31c1a">
    <title>10. Lecke: Grafika, Médiaelemek, Reszponzivitás</title>
</item>
<item identifier="ITEM-eXealizalt_v5555f23162319cac31c1b" isvisible="true" identifierref="RES-eXealizalt_v5555f23162319cac31c1c">
    <title>11. Lecke: CSS3 eszközök</title>
</item>
<item identifier="ITEM-eXealizalt_v5555f23162319cac31c1d" isvisible="true" identifierref="RES-eXealizalt_v5555f23162319cac31c1e">
    <title>12. Lecke: Weboldalak publikálása</title>
</item>
</item>
  </organization>
</organizations>
<resources>
  <resource identifier="RES-eXealizalt_v5555f23162319cac3134" type="webcontent" adlcp:scormtype="sco" href="index.html"> 
    <file href="index.html"/> 
    <file href="USZT_logo_cmyk.png"/>
    <file href="Infoblokk2_ESZA_egyes.png"/>
    <dependency identifierref="COMMON_FILES"/>
  </resource>
  <resource identifier="RES-eXealizalt_v5555f23162319cac3136" type="webcontent" adlcp:scormtype="sco" href="bevezets.html"> 
    <file href="bevezets.html"/> 
    <file href="common.js"/>
    <dependency identifierref="COMMON_FILES"/>
  </resource>
  <resource identifier="RES-eXealizalt_v5555f23162319cac3138" type="webcontent" adlcp:scormtype="sco" href="1_lecke_a_web_mkdsnek_s_hasznlatnak_alapjai.html"> 
    <file href="1_lecke_a_web_mkdsnek_s_hasznlatnak_alapjai.html"/> 
    <file href="web_usage_small.gif"/>
    <file href="icon_activity.gif"/>
    <file href="panel-amusements.png"/>
    <file href="common.js"/>
    <file href="browser_buttons.gif"/>
    <file href="stock-stop.png"/>
    <dependency identifierref="COMMON_FILES"/>
  </resource>
  <resource identifier="RES-eXealizalt_v5555f23162319cac314a" type="webcontent" adlcp:scormtype="sco" href="2__lecke_a_weblapkszts_mdszertana.html"> 
    <file href="2__lecke_a_weblapkszts_mdszertana.html"/> 
    <file href="icon_activity.gif"/>
    <file href="f_shape_eyetracking.jpg"/>
    <file href="panel-amusements.png"/>
    <file href="common.js"/>
    <file href="stock-stop.png"/>
    <file href="webpage_struct.gif"/>
    <dependency identifierref="COMMON_FILES"/>
  </resource>
  <resource identifier="RES-eXealizalt_v5555f23162319cac315c" type="webcontent" adlcp:scormtype="sco" href="3_lecke_a_html_nyelv.html"> 
    <file href="3_lecke_a_html_nyelv.html"/> 
    <file href="icon_activity.gif"/>
    <file href="stock-stop.png"/>
    <file href="fa.gif"/>
    <file href="panel-amusements.png"/>
    <file href="common.js"/>
    <dependency identifierref="COMMON_FILES"/>
  </resource>
  <resource identifier="RES-eXealizalt_v5555f23162319cac316e" type="webcontent" adlcp:scormtype="sco" href="4_lecke_a_stlusok_hasznlata.html"> 
    <file href="4_lecke_a_stlusok_hasznlata.html"/> 
    <file href="weboldal_stilussal.jpg"/>
    <file href="weboldal_stilusnelkul.jpg"/>
    <file href="link.jpg"/>
    <file href="icon_activity.gif"/>
    <file href="panel-amusements.png"/>
    <file href="common.js"/>
    <file href="stock-stop.png"/>
    <dependency identifierref="COMMON_FILES"/>
  </resource>
  <resource identifier="RES-eXealizalt_v5555f23162319cac31710" type="webcontent" adlcp:scormtype="sco" href="5_lecke_szvegelemek_linkek_kpek_listk.html"> 
    <file href="5_lecke_szvegelemek_linkek_kpek_listk.html"/> 
    <file href="kepmeretezes.jpg"/>
    <file href="common.js"/>
    <file href="icon_activity.gif"/>
    <file href="panel-amusements.png"/>
    <file href="lista.PNG"/>
    <file href="stock-stop.png"/>
    <dependency identifierref="COMMON_FILES"/>
  </resource>
  <resource identifier="RES-eXealizalt_v5555f23162319cac31812" type="webcontent" adlcp:scormtype="sco" href="6_lecke_oldalfelosztsok_trolk.html"> 
    <file href="6_lecke_oldalfelosztsok_trolk.html"/> 
    <file href="icon_activity.gif"/>
    <file href="stock-stop.png"/>
    <file href="margok.gif"/>
    <file href="panel-amusements.png"/>
    <file href="common.js"/>
    <dependency identifierref="COMMON_FILES"/>
  </resource>
  <resource identifier="RES-eXealizalt_v5555f23162319cac31914" type="webcontent" adlcp:scormtype="sco" href="7_lecke_tblzatok.html"> 
    <file href="7_lecke_tblzatok.html"/> 
    <file href="icon_activity.gif"/>
    <file href="panel-amusements.png"/>
    <file href="common.js"/>
    <file href="tablazat_keretvonal_ossszevonas.png"/>
    <file href="tablazat_hianyzocellak.PNG"/>
    <file href="tablazat.PNG"/>
    <file href="stock-stop.png"/>
    <file href="tablazat_cellaosszevonas.PNG"/>
    <dependency identifierref="COMMON_FILES"/>
  </resource>
  <resource identifier="RES-eXealizalt_v5555f23162319cac31a16" type="webcontent" adlcp:scormtype="sco" href="8_lecke_rlapok.html"> 
    <file href="8_lecke_rlapok.html"/> 
    <file href="icon_activity.gif"/>
    <file href="urlap_checkbox.PNG"/>
    <file href="urlap_file_Chrome.PNG"/>
    <file href="urlap_radio.PNG"/>
    <file href="urlap_text.PNG"/>
    <file href="urlap_buttons.PNG"/>
    <file href="google_cimsor.png"/>
    <file href="urlap_lista.png"/>
    <file href="urlap_optgroup.PNG"/>
    <file href="urlap_listbox.PNG"/>
    <file href="urlap_password.PNG"/>
    <file href="panel-amusements.png"/>
    <file href="common.js"/>
    <file href="stock-stop.png"/>
    <file href="urlap_file_FF.PNG"/>
    <dependency identifierref="COMMON_FILES"/>
  </resource>
  <resource identifier="RES-eXealizalt_v5555f23162319cac31b18" type="webcontent" adlcp:scormtype="sco" href="9_lecke_elhelyezs_a_weboldalon_lthatsg.html"> 
    <file href="9_lecke_elhelyezs_a_weboldalon_lthatsg.html"/> 
    <file href="feladar.png"/>
    <file href="atlatszosag.png"/>
    <file href="icon_activity.gif"/>
    <file href="panel-amusements.png"/>
    <file href="common.js"/>
    <file href="stock-stop.png"/>
    <dependency identifierref="COMMON_FILES"/>
  </resource>
  <resource identifier="RES-eXealizalt_v5555f23162319cac31c1a" type="webcontent" adlcp:scormtype="sco" href="10_lecke_grafika_mdiaelemek_reszponzivits.html"> 
    <file href="10_lecke_grafika_mdiaelemek_reszponzivits.html"/> 
    <file href="youtube.PNG"/>
    <dependency identifierref="COMMON_FILES"/>
  </resource>
  <resource identifier="RES-eXealizalt_v5555f23162319cac31c1c" type="webcontent" adlcp:scormtype="sco" href="11_lecke_css3_eszkzk.html"> 
    <file href="11_lecke_css3_eszkzk.html"/> 
    <dependency identifierref="COMMON_FILES"/>
  </resource>
  <resource identifier="RES-eXealizalt_v5555f23162319cac31c1e" type="webcontent" adlcp:scormtype="sco" href="12_lecke_weboldalak_publiklsa.html"> 
    <file href="12_lecke_weboldalak_publiklsa.html"/> 
    <file href="W3C.png"/>
    <file href="icon_activity.gif"/>
    <file href="saucelab.png"/>
    <file href="panel-amusements.png"/>
    <file href="common.js"/>
    <file href="stock-stop.png"/>
    <dependency identifierref="COMMON_FILES"/>
  </resource>
  <resource identifier="COMMON_FILES" type="webcontent" adlcp:scormtype="asset">
    <file href="active_bg.gif"/>
    <file href="arrows_1.jpg"/>
    <file href="assess.gif"/>
    <file href="content.css"/>
    <file href="icon_activity.gif"/>
    <file href="icon_answer.gif"/>
    <file href="icon_assignment.gif"/>
    <file href="icon_calc.gif"/>
    <file href="icon_casestudy.gif"/>
    <file href="icon_chack.gif"/>
    <file href="icon_define.gif"/>
    <file href="icon_diagnosis.gif"/>
    <file href="icon_discussion.gif"/>
    <file href="icon_experiment.gif"/>
    <file href="icon_e_gloss.gif"/>
    <file href="icon_e_journal.gif"/>
    <file href="icon_gallery.gif"/>
    <file href="icon_generic.gif"/>
    <file href="icon_group.gif"/>
    <file href="icon_inter.gif"/>
    <file href="icon_key_points.gif"/>
    <file href="icon_multimedia.gif"/>
    <file href="icon_objectives.gif"/>
    <file href="icon_practice.gif"/>
    <file href="icon_preknowledge.gif"/>
    <file href="icon_present.gif"/>
    <file href="icon_problem.gif"/>
    <file href="icon_question.gif"/>
    <file href="icon_read.gif"/>
    <file href="icon_reading.gif"/>
    <file href="icon_reflection.gif"/>
    <file href="icon_review.gif"/>
    <file href="icon_sub.gif"/>
    <file href="icon_summary.gif"/>
    <file href="icon_synthesis.gif"/>
    <file href="icon_task.gif"/>
    <file href="icon_technology.gif"/>
    <file href="icon_time.gif"/>
    <file href="icon_truefalse.gif"/>
    <file href="icon_web_resource.gif"/>
    <file href="icon_zoom.gif"/>
    <file href="nav.css"/>
    <file href="page_bg.gif"/>
    <file href="page_bg_ie.gif"/>
    <file href="panel-amusements.png"/>
    <file href="popup_bg.gif"/>
    <file href="question.gif"/>
    <file href="stock-attach.png"/>
    <file href="stock-stop.png"/>
    <file href="top_left_corner.gif"/>
    <file href="top_nav.jpg"/>
    <file href="top_right_corner.gif"/>
    <file href="transparent.gif"/>
    <file href="base.css"/>
    <file href="popup_bg.gif"/>
    <file href="SCORM_API_wrapper.js"/>
    <file href="SCOFunctions.js"/>
    <file href="exe_jquery.js"/>
  </resource>
</resources>
</manifest>
